,주야간,구,노면상태,기상상태,주야간_risk,구_risk,노면상태_risk,기상상태_risk,total_risk,corr_risk,주야간_eclo,구_eclo,노면상태_eclo,기상상태_eclo,eclo_risk_sum,eclo_risk_mul
0,주간,권선구,건조,맑음,2.0,4.0,5.0,5.0,16.0,24.36355350275768,4.476795931341386,4.588550983899821,4.444769140853302,4.460807600950119,33.97092365704463,71.83567950729916
1,주간,권선구,건조,비,2.0,4.0,5.0,4.0,15.0,22.760530813602152,4.476795931341386,4.588550983899821,4.444769140853302,4.798319327731092,33.3084353838256,68.72491881347294
2,주간,팔달구,건조,맑음,2.0,3.0,5.0,5.0,15.0,22.88682220813488,4.476795931341386,4.363636363636363,4.444769140853302,4.460807600950119,32.746009036781174,66.57238466260897
3,주간,권선구,젖음/습기,맑음,2.0,4.0,4.0,5.0,15.0,22.760530813602152,4.476795931341386,4.588550983899821,4.841059602649007,4.460807600950119,33.36721411884034,68.97607221362868
4,야간,권선구,건조,맑음,1.0,4.0,5.0,5.0,15.0,23.150352786402067,4.488599348534202,4.588550983899821,4.444769140853302,4.460807600950119,32.982727074237445,67.3706869931506
5,주간,권선구,서리/결빙,맑음,2.0,4.0,3.0,5.0,14.0,21.157508124446625,4.476795931341386,4.588550983899821,4.875,4.460807600950119,32.401154516191326,64.23683380303265
6,야간,권선구,젖음/습기,맑음,1.0,4.0,4.0,5.0,14.0,21.54733009724654,4.488599348534202,4.588550983899821,4.841059602649007,4.460807600950119,32.379017536033146,64.5110796994801
7,주간,권선구,건조,흐림,2.0,4.0,5.0,3.0,14.0,21.157508124446625,4.476795931341386,4.588550983899821,4.444769140853302,4.421875,31.93199105609451,62.79726650254857
8,주간,팔달구,건조,비,2.0,3.0,5.0,4.0,14.0,21.28379951897936,4.476795931341386,4.363636363636363,4.444769140853302,4.798319327731092,32.08352076356214,63.461623968782746
9,주간,팔달구,젖음/습기,맑음,2.0,3.0,4.0,5.0,14.0,21.283799518979357,4.476795931341386,4.363636363636363,4.841059602649007,4.460807600950119,32.142299498576875,63.71277736893849
10,주간,권선구,젖음/습기,비,2.0,4.0,4.0,4.0,14.0,21.157508124446625,4.476795931341386,4.588550983899821,4.841059602649007,4.798319327731092,32.704725845621304,65.86531151980246
11,야간,권선구,건조,비,1.0,4.0,5.0,4.0,14.0,21.547330097246544,4.488599348534202,4.588550983899821,4.444769140853302,4.798319327731092,32.32023880101842,64.25992629932436
12,야간,팔달구,건조,맑음,1.0,3.0,5.0,5.0,14.0,21.673621491779272,4.488599348534202,4.363636363636363,4.444769140853302,4.460807600950119,31.757812453973987,62.1073921484604
13,주간,장안구,건조,맑음,2.0,2.0,5.0,5.0,14.0,21.41009091351209,4.476795931341386,4.474332648870637,4.444769140853302,4.460807600950119,31.856705322015443,62.43014086944115
14,야간,권선구,젖음/습기,비,1.0,4.0,4.0,4.0,13.0,19.944307408091014,4.488599348534202,4.588550983899821,4.841059602649007,4.798319327731092,31.716529262814124,61.400319005653884
15,야간,권선구,서리/결빙,맑음,1.0,4.0,3.0,5.0,13.0,19.944307408091014,4.488599348534202,4.588550983899821,4.875,4.460807600950119,31.412957933384142,59.771841288884076
16,야간,장안구,건조,맑음,1.0,2.0,5.0,5.0,13.0,20.19689019715648,4.488599348534202,4.474332648870637,4.444769140853302,4.460807600950119,30.86850873920826,57.965148355292584
17,주간,장안구,건조,비,2.0,2.0,5.0,4.0,13.0,19.80706822435656,4.476795931341386,4.474332648870637,4.444769140853302,4.798319327731092,31.194217048796418,59.319380175614924
18,주간,권선구,건조,눈,2.0,4.0,5.0,2.0,13.0,19.5544854352911,4.476795931341386,4.588550983899821,4.444769140853302,3.5714285714285716,30.081544627523083,56.67449864540571
19,주간,영통구,건조,맑음,2.0,1.0,5.0,5.0,13.0,19.93335961888929,4.476795931341386,4.492957746478873,4.444769140853302,4.460807600950119,30.87533041962368,57.974433318178754
20,주간,팔달구,젖음/습기,비,2.0,3.0,4.0,4.0,13.0,19.680776829823827,4.476795931341386,4.363636363636363,4.841059602649007,4.798319327731092,31.47981122535785,60.60201667511227
21,주간,팔달구,서리/결빙,맑음,2.0,3.0,3.0,5.0,13.0,19.680776829823827,4.476795931341386,4.363636363636363,4.875,4.460807600950119,31.176239895927868,58.97353895834246
22,야간,팔달구,건조,비,1.0,3.0,5.0,4.0,13.0,20.070598802623746,4.488599348534202,4.363636363636363,4.444769140853302,4.798319327731092,31.09532418075496,58.99663145463417
23,주간,팔달구,건조,흐림,2.0,3.0,5.0,3.0,13.0,19.680776829823827,4.476795931341386,4.363636363636363,4.444769140853302,4.421875,30.707076435831052,57.53397165785837
24,야간,팔달구,젖음/습기,맑음,1.0,3.0,4.0,5.0,13.0,20.070598802623746,4.488599348534202,4.363636363636363,4.841059602649007,4.460807600950119,31.15410291576969,59.24778485478991
25,주간,장안구,젖음/습기,맑음,2.0,2.0,4.0,5.0,13.0,19.80706822435656,4.476795931341386,4.474332648870637,4.841059602649007,4.460807600950119,31.252995783811148,59.57053357577067
26,야간,권선구,건조,흐림,1.0,4.0,5.0,3.0,13.0,19.944307408091014,4.488599348534202,4.588550983899821,4.444769140853302,4.421875,30.943794473287326,58.3322739884
27,주간,권선구,서리/결빙,비,2.0,4.0,3.0,4.0,13.0,19.5544854352911,4.476795931341386,4.588550983899821,4.875,4.798319327731092,31.7386662429723,61.12607310920643
28,주간,권선구,기타,맑음,2.0,4.0,2.0,5.0,13.0,19.5544854352911,4.476795931341386,4.588550983899821,4.666666666666667,4.460807600950119,31.192821182857994,58.94516713636599
29,주간,권선구,젖음/습기,흐림,2.0,4.0,4.0,3.0,13.0,19.5544854352911,4.476795931341386,4.588550983899821,4.841059602649007,4.421875,31.328281517890215,59.93765920887809
30,야간,장안구,젖음/습기,맑음,1.0,2.0,4.0,5.0,12.0,18.593867508000947,4.488599348534202,4.474332648870637,4.841059602649007,4.460807600950119,30.264799201003964,55.1055410616221
31,주간,권선구,적설,맑음,2.0,4.0,1.0,5.0,12.0,17.95146274613557,4.476795931341386,4.588550983899821,4.25,4.460807600950119,29.776154516191326,53.86183380303265
32,야간,팔달구,건조,흐림,1.0,3.0,5.0,3.0,12.0,18.46757611346822,4.488599348534202,4.363636363636363,4.444769140853302,4.421875,29.718879853023868,53.068979143709804
33,주간,팔달구,서리/결빙,비,2.0,3.0,3.0,4.0,12.0,18.0777541406683,4.476795931341386,4.363636363636363,4.875,4.798319327731092,30.513751622708842,55.86277826451624
34,주간,권선구,기타,비,2.0,4.0,2.0,4.0,12.0,17.95146274613557,4.476795931341386,4.588550983899821,4.666666666666667,4.798319327731092,30.530332909638968,55.83440644253976
35,주간,팔달구,젖음/습기,흐림,2.0,3.0,4.0,3.0,12.0,18.0777541406683,4.476795931341386,4.363636363636363,4.841059602649007,4.421875,30.103366897626756,54.674364364187895
36,야간,권선구,건조,눈,1.0,4.0,5.0,2.0,12.0,18.341284718935487,4.488599348534202,4.588550983899821,4.444769140853302,3.5714285714285716,29.0933480447159,52.20950613125714
37,주간,팔달구,기타,맑음,2.0,3.0,2.0,5.0,12.0,18.0777541406683,4.476795931341386,4.363636363636363,4.666666666666667,4.460807600950119,29.967906562594536,53.681872291675795
38,주간,영통구,건조,비,2.0,1.0,5.0,4.0,12.0,18.33033692973376,4.476795931341386,4.492957746478873,4.444769140853302,4.798319327731092,30.212842146404654,54.86367262435253
39,야간,장안구,건조,비,1.0,2.0,5.0,4.0,12.0,18.593867508000947,4.488599348534202,4.474332648870637,4.444769140853302,4.798319327731092,30.206020465989234,54.85438766146636
40,주간,팔달구,건조,눈,2.0,3.0,5.0,2.0,12.0,18.0777541406683,4.476795931341386,4.363636363636363,4.444769140853302,3.5714285714285716,28.856630007259625,51.41120380071552
41,주간,권선구,건조,기타,2.0,4.0,5.0,1.0,12.0,17.95146274613557,4.476795931341386,4.588550983899821,4.444769140853302,4.833333333333333,30.343449389427843,54.3649748358819
42,주간,영통구,젖음/습기,맑음,2.0,1.0,4.0,5.0,12.0,18.33033692973376,4.476795931341386,4.492957746478873,4.841059602649007,4.460807600950119,30.271620881419384,55.11482602450827
43,야간,권선구,기타,맑음,1.0,4.0,2.0,5.0,12.0,18.341284718935487,4.488599348534202,4.588550983899821,4.666666666666667,4.460807600950119,30.20462460005081,54.48017462221741
44,주간,권선구,젖음/습기,눈,2.0,4.0,4.0,2.0,12.0,17.95146274613557,4.476795931341386,4.588550983899821,4.841059602649007,3.5714285714285716,29.477835089318788,53.814891351735234
45,야간,권선구,젖음/습기,흐림,1.0,4.0,4.0,3.0,12.0,18.341284718935487,4.488599348534202,4.588550983899821,4.841059602649007,4.421875,30.34008493508303,55.47266669472951
46,야간,권선구,서리/결빙,비,1.0,4.0,3.0,4.0,12.0,18.341284718935487,4.488599348534202,4.588550983899821,4.875,4.798319327731092,30.750469660165116,56.661080595057854
47,야간,팔달구,서리/결빙,맑음,1.0,3.0,3.0,5.0,12.0,18.46757611346822,4.488599348534202,4.363636363636363,4.875,4.460807600950119,30.188043313120684,54.50854644419388
48,주간,장안구,건조,흐림,2.0,2.0,5.0,3.0,12.0,18.204045535201036,4.476795931341386,4.474332648870637,4.444769140853302,4.421875,29.817772721065325,53.39172786469056
49,주간,장안구,젖음/습기,비,2.0,2.0,4.0,4.0,12.0,18.204045535201036,4.476795931341386,4.474332648870637,4.841059602649007,4.798319327731092,30.590507510592122,56.459772881944446
50,주간,권선구,서리/결빙,흐림,2.0,4.0,3.0,3.0,12.0,17.95146274613557,4.476795931341386,4.588550983899821,4.875,4.421875,30.362221915241207,55.19842079828206
51,주간,장안구,서리/결빙,맑음,2.0,2.0,3.0,5.0,12.0,18.204045535201036,4.476795931341386,4.474332648870637,4.875,4.460807600950119,30.28693618116214,54.83129516517464
52,야간,팔달구,젖음/습기,비,1.0,3.0,4.0,4.0,12.0,18.46757611346822,4.488599348534202,4.363636363636363,4.841059602649007,4.798319327731092,30.491614642550665,56.13702416096369
53,야간,영통구,건조,맑음,1.0,1.0,5.0,5.0,12.0,18.72015890253368,4.488599348534202,4.492957746478873,4.444769140853302,4.460807600950119,29.887133836816496,53.509440804030184
54,주간,권선구,적설,비,2.0,4.0,1.0,4.0,11.0,16.348440056980042,4.476795931341386,4.588550983899821,4.25,4.798319327731092,29.1136662429723,50.75107310920643
55,야간,장안구,건조,흐림,1.0,2.0,5.0,3.0,11.0,16.99084481884542,4.488599348534202,4.474332648870637,4.444769140853302,4.421875,28.82957613825814,48.92673535054199
56,주간,영통구,건조,흐림,2.0,1.0,5.0,3.0,11.0,16.727314240578234,4.476795931341386,4.492957746478873,4.444769140853302,4.421875,28.83639781867356,48.93602031342816
57,주간,장안구,젖음/습기,흐림,2.0,2.0,4.0,3.0,11.0,16.601022846045506,4.476795931341386,4.474332648870637,4.841059602649007,4.421875,29.21406318286103,50.53212057102007
58,주간,영통구,서리/결빙,맑음,2.0,1.0,3.0,5.0,11.0,16.727314240578234,4.476795931341386,4.492957746478873,4.875,4.460807600950119,29.305561278770377,50.375587613912245
59,야간,영통구,건조,비,1.0,1.0,5.0,4.0,11.0,17.117136213378153,4.488599348534202,4.492957746478873,4.444769140853302,4.798319327731092,29.22464556359747,50.398680110203955
60,야간,권선구,적설,맑음,1.0,4.0,1.0,5.0,11.0,16.73826202977996,4.488599348534202,4.588550983899821,4.25,4.460807600950119,28.787957933384142,49.396841288884076
61,야간,권선구,기타,비,1.0,4.0,2.0,4.0,11.0,16.73826202977996,4.488599348534202,4.588550983899821,4.666666666666667,4.798319327731092,29.542136326831784,51.36941392839118
62,야간,팔달구,서리/결빙,비,1.0,3.0,3.0,4.0,11.0,16.86455342431269,4.488599348534202,4.363636363636363,4.875,4.798319327731092,29.525555039901658,51.39778575036766
63,주간,장안구,서리/결빙,비,2.0,2.0,3.0,4.0,11.0,16.601022846045502,4.476795931341386,4.474332648870637,4.875,4.798319327731092,29.624447907943114,51.720534471348415
64,야간,장안구,서리/결빙,맑음,1.0,2.0,3.0,5.0,11.0,16.99084481884542,4.488599348534202,4.474332648870637,4.875,4.460807600950119,29.298739598354956,50.366302651026075
65,야간,영통구,젖음/습기,맑음,1.0,1.0,4.0,5.0,11.0,17.117136213378153,4.488599348534202,4.492957746478873,4.841059602649007,4.460807600950119,29.2834242986122,50.6498335103597
66,야간,권선구,젖음/습기,눈,1.0,4.0,4.0,2.0,11.0,16.73826202977996,4.488599348534202,4.588550983899821,4.841059602649007,3.5714285714285716,28.489638506511604,49.34989883758666
67,야간,권선구,서리/결빙,흐림,1.0,4.0,3.0,3.0,11.0,16.73826202977996,4.488599348534202,4.588550983899821,4.875,4.421875,29.374025332434023,50.73342828413348
68,주간,권선구,젖음/습기,기타,2.0,4.0,4.0,1.0,11.0,16.348440056980042,4.476795931341386,4.588550983899821,4.841059602649007,4.833333333333333,29.739739851223547,51.505367542211424
69,주간,장안구,건조,눈,2.0,2.0,5.0,2.0,11.0,16.601022846045502,4.476795931341386,4.474332648870637,4.444769140853302,3.5714285714285716,27.967326292493897,47.268960007547705
70,야간,권선구,건조,기타,1.0,4.0,5.0,1.0,11.0,16.73826202977996,4.488599348534202,4.588550983899821,4.444769140853302,4.833333333333333,29.35525280662066,49.89998232173333
71,주간,영통구,젖음/습기,비,2.0,1.0,4.0,4.0,11.0,16.727314240578238,4.476795931341386,4.492957746478873,4.841059602649007,4.798319327731092,29.60913260820036,52.00406533068204
72,주간,권선구,기타,흐림,2.0,4.0,2.0,3.0,11.0,16.348440056980042,4.476795931341386,4.588550983899821,4.666666666666667,4.421875,29.153888581907875,49.90675413161539
73,주간,팔달구,젖음/습기,눈,2.0,3.0,4.0,2.0,11.0,16.474731451512774,4.476795931341386,4.363636363636363,4.841059602649007,3.5714285714285716,28.25292046905533,48.55159650704504
74,주간,장안구,기타,맑음,2.0,2.0,2.0,5.0,11.0,16.601022846045502,4.476795931341386,4.474332648870637,4.666666666666667,4.460807600950119,29.078602847828808,49.53962849850797
75,주간,팔달구,건조,기타,2.0,3.0,5.0,1.0,11.0,16.474731451512774,4.476795931341386,4.363636363636363,4.444769140853302,4.833333333333333,29.118534769164384,49.10167999119171
76,야간,팔달구,젖음/습기,흐림,1.0,3.0,4.0,3.0,11.0,16.864553424312692,4.488599348534202,4.363636363636363,4.841059602649007,4.421875,29.115170314819572,50.20937185003932
77,주간,팔달구,서리/결빙,흐림,2.0,3.0,3.0,3.0,11.0,16.474731451512774,4.476795931341386,4.363636363636363,4.875,4.421875,29.13730729497775,49.935125953591864
78,야간,팔달구,기타,맑음,1.0,3.0,2.0,5.0,11.0,16.86455342431269,4.488599348534202,4.363636363636363,4.666666666666667,4.460807600950119,28.97970997978735,49.21687977752722
79,야간,팔달구,건조,눈,1.0,3.0,5.0,2.0,11.0,16.86455342431269,4.488599348534202,4.363636363636363,4.444769140853302,3.5714285714285716,27.86843342445244,46.94621128656695
80,주간,권선구,서리/결빙,눈,2.0,4.0,3.0,2.0,11.0,16.348440056980042,4.476795931341386,4.588550983899821,4.875,3.5714285714285716,28.51177548666978,49.075652941139204
81,주간,팔달구,기타,비,2.0,3.0,2.0,4.0,11.0,16.474731451512774,4.476795931341386,4.363636363636363,4.666666666666667,4.798319327731092,29.30541828937551,50.571111597849566
82,야간,장안구,젖음/습기,비,1.0,2.0,4.0,4.0,11.0,16.99084481884542,4.488599348534202,4.474332648870637,4.841059602649007,4.798319327731092,29.602310927784938,51.99478036779587
83,주간,팔달구,적설,맑음,2.0,3.0,1.0,5.0,11.0,16.474731451512774,4.476795931341386,4.363636363636363,4.25,4.460807600950119,28.551239895927868,48.59853895834246
84,야간,장안구,기타,맑음,1.0,2.0,2.0,5.0,10.0,15.387822129689894,4.488599348534202,4.474332648870637,4.666666666666667,4.460807600950119,28.090406265021624,45.0746359843594
85,야간,팔달구,젖음/습기,눈,1.0,3.0,4.0,2.0,10.0,15.261530735157164,4.488599348534202,4.363636363636363,4.841059602649007,3.5714285714285716,27.264723886248145,44.086603992896464
86,야간,팔달구,서리/결빙,흐림,1.0,3.0,3.0,3.0,10.0,15.261530735157162,4.488599348534202,4.363636363636363,4.875,4.421875,28.149110712170565,45.47013343944329
87,주간,권선구,서리/결빙,기타,2.0,4.0,3.0,1.0,10.0,14.745417367824516,4.476795931341386,4.588550983899821,4.875,4.833333333333333,28.77368024857454,46.76612913161539
88,야간,권선구,서리/결빙,눈,1.0,4.0,3.0,2.0,10.0,15.135239340624432,4.488599348534202,4.588550983899821,4.875,3.5714285714285716,27.523578903862596,44.61066042699063
89,야간,팔달구,건조,기타,1.0,3.0,5.0,1.0,10.0,15.261530735157162,4.488599348534202,4.363636363636363,4.444769140853302,4.833333333333333,28.1303381863572,44.63668747704314
90,야간,영통구,젖음/습기,비,1.0,1.0,4.0,4.0,10.0,15.514113524222626,4.488599348534202,4.492957746478873,4.841059602649007,4.798319327731092,28.620936025393174,47.539072816533476
91,야간,장안구,건조,눈,1.0,2.0,5.0,2.0,10.0,15.387822129689894,4.488599348534202,4.474332648870637,4.444769140853302,3.5714285714285716,26.979129709686713,42.803967493399135
92,야간,권선구,적설,비,1.0,4.0,1.0,4.0,10.0,15.135239340624432,4.488599348534202,4.588550983899821,4.25,4.798319327731092,28.125469660165116,46.286080595057854
93,주간,장안구,건조,기타,2.0,2.0,5.0,1.0,10.0,14.998000156889976,4.476795931341386,4.474332648870637,4.444769140853302,4.833333333333333,28.229231054398657,44.959436198023894
94,야간,팔달구,기타,비,1.0,3.0,2.0,4.0,10.0,15.261530735157164,4.488599348534202,4.363636363636363,4.666666666666667,4.798319327731092,28.317221706568326,46.10611908370099
95,야간,영통구,서리/결빙,맑음,1.0,1.0,3.0,5.0,10.0,15.514113524222624,4.488599348534202,4.492957746478873,4.875,4.460807600950119,28.317364695963192,45.91059509976367
96,야간,영통구,건조,흐림,1.0,1.0,5.0,3.0,10.0,15.514113524222626,4.488599348534202,4.492957746478873,4.444769140853302,4.421875,27.848201235866377,44.47102779927959
97,야간,권선구,기타,흐림,1.0,4.0,2.0,3.0,10.0,15.135239340624434,4.488599348534202,4.588550983899821,4.666666666666667,4.421875,28.16569199910069,45.44176161746682
98,야간,팔달구,적설,맑음,1.0,3.0,1.0,5.0,10.0,15.261530735157162,4.488599348534202,4.363636363636363,4.25,4.460807600950119,27.563043313120684,44.13354644419388
99,야간,장안구,젖음/습기,흐림,1.0,2.0,4.0,3.0,10.0,15.387822129689894,4.488599348534202,4.474332648870637,4.841059602649007,4.421875,28.225866600053845,46.0671280568715
100,야간,장안구,서리/결빙,비,1.0,2.0,3.0,4.0,10.0,15.387822129689894,4.488599348534202,4.474332648870637,4.875,4.798319327731092,28.63625132513593,47.255541957199846
101,야간,권선구,젖음/습기,기타,1.0,4.0,4.0,1.0,10.0,15.13523934062443,4.488599348534202,4.588550983899821,4.841059602649007,4.833333333333333,28.751543268416363,47.04037502806285
102,주간,권선구,기타,눈,2.0,4.0,2.0,2.0,10.0,14.745417367824516,4.476795931341386,4.588550983899821,4.666666666666667,3.5714285714285716,27.303442153336448,43.78398627447254
103,주간,영통구,젖음/습기,흐림,2.0,1.0,4.0,3.0,10.0,15.124291551422708,4.476795931341386,4.492957746478873,4.841059602649007,4.421875,28.232688280469265,46.07641301975767
104,주간,장안구,서리/결빙,흐림,2.0,2.0,3.0,3.0,10.0,14.998000156889976,4.476795931341386,4.474332648870637,4.875,4.421875,28.24800358021202,45.79288216042404
105,주간,장안구,젖음/습기,눈,2.0,2.0,4.0,2.0,10.0,14.998000156889978,4.476795931341386,4.474332648870637,4.841059602649007,3.5714285714285716,27.363616754289602,44.40935271387722
106,주간,장안구,기타,비,2.0,2.0,2.0,4.0,10.0,14.998000156889978,4.476795931341386,4.474332648870637,4.666666666666667,4.798319327731092,28.416114574609782,46.428867804681744
107,주간,장안구,적설,맑음,2.0,2.0,1.0,5.0,10.0,14.998000156889976,4.476795931341386,4.474332648870637,4.25,4.460807600950119,27.66193618116214,44.45629516517464
108,주간,권선구,적설,흐림,2.0,4.0,1.0,3.0,10.0,14.745417367824516,4.476795931341386,4.588550983899821,4.25,4.421875,27.737221915241207,44.82342079828206
109,주간,팔달구,서리/결빙,눈,2.0,3.0,3.0,2.0,10.0,14.871708762357246,4.476795931341386,4.363636363636363,4.875,3.5714285714285716,27.28686086640632,43.81235809644901
110,주간,팔달구,기타,흐림,2.0,3.0,2.0,3.0,10.0,14.871708762357247,4.476795931341386,4.363636363636363,4.666666666666667,4.421875,27.928973961644417,44.6434592869252
111,주간,팔달구,적설,비,2.0,3.0,1.0,4.0,10.0,14.871708762357246,4.476795931341386,4.363636363636363,4.25,4.798319327731092,27.888751622708842,45.48777826451624
112,주간,영통구,건조,눈,2.0,1.0,5.0,2.0,10.0,15.124291551422708,4.476795931341386,4.492957746478873,4.444769140853302,3.5714285714285716,26.985951390102134,42.813252456285305
113,주간,영통구,서리/결빙,비,2.0,1.0,3.0,4.0,10.0,15.124291551422708,4.476795931341386,4.492957746478873,4.875,4.798319327731092,28.64307300555135,47.264826920086016
114,주간,팔달구,젖음/습기,기타,2.0,3.0,4.0,1.0,10.0,14.871708762357244,4.476795931341386,4.363636363636363,4.841059602649007,4.833333333333333,28.51482523096009,46.24207269752123
115,주간,영통구,기타,맑음,2.0,1.0,2.0,5.0,10.0,15.124291551422708,4.476795931341386,4.492957746478873,4.666666666666667,4.460807600950119,28.097227945437044,45.08392094724557
116,야간,장안구,젖음/습기,눈,1.0,2.0,4.0,2.0,9.0,13.784799440534366,4.488599348534202,4.474332648870637,4.841059602649007,3.5714285714285716,26.375420171482418,39.94436019972865
117,야간,팔달구,젖음/습기,기타,1.0,3.0,4.0,1.0,9.0,13.658508046001636,4.488599348534202,4.363636363636363,4.841059602649007,4.833333333333333,27.526628648152904,41.777080183372654
118,야간,팔달구,적설,비,1.0,3.0,1.0,4.0,9.0,13.658508046001636,4.488599348534202,4.363636363636363,4.25,4.798319327731092,26.900555039901658,41.02278575036766
119,주간,팔달구,기타,눈,2.0,3.0,2.0,2.0,9.0,13.26868607320172,4.476795931341386,4.363636363636363,4.666666666666667,3.5714285714285716,26.07852753307299,38.520691429782346
120,주간,장안구,기타,흐림,2.0,2.0,2.0,3.0,9.0,13.39497746773445,4.476795931341386,4.474332648870637,4.666666666666667,4.421875,27.03967024687869,40.50121549375738
121,야간,팔달구,기타,흐림,1.0,3.0,2.0,3.0,9.0,13.658508046001636,4.488599348534202,4.363636363636363,4.666666666666667,4.421875,26.940777378837232,40.17846677277662
122,야간,장안구,기타,비,1.0,2.0,2.0,4.0,9.0,13.784799440534368,4.488599348534202,4.474332648870637,4.666666666666667,4.798319327731092,27.427917991802598,41.96387529053318
123,야간,장안구,적설,맑음,1.0,2.0,1.0,5.0,9.0,13.784799440534368,4.488599348534202,4.474332648870637,4.25,4.460807600950119,26.673739598354956,39.991302651026075
124,주간,영통구,적설,맑음,2.0,1.0,1.0,5.0,9.0,13.52126886226718,4.476795931341386,4.492957746478873,4.25,4.460807600950119,26.680561278770377,40.000587613912245
125,주간,권선구,기타,기타,2.0,4.0,2.0,1.0,9.0,13.142394678668987,4.476795931341386,4.588550983899821,4.666666666666667,4.833333333333333,27.565346915241207,41.47446246494873
126,주간,장안구,젖음/습기,기타,2.0,2.0,4.0,1.0,9.0,13.39497746773445,4.476795931341386,4.474332648870637,4.841059602649007,4.833333333333333,27.62552151619436,42.09982890435341
127,주간,장안구,적설,비,2.0,2.0,1.0,4.0,9.0,13.39497746773445,4.476795931341386,4.474332648870637,4.25,4.798319327731092,26.999447907943114,41.345534471348415
128,주간,팔달구,서리/결빙,기타,2.0,3.0,3.0,1.0,9.0,13.268686073201716,4.476795931341386,4.363636363636363,4.875,4.833333333333333,27.54876562831108,41.5028342869252
129,주간,영통구,기타,비,2.0,1.0,2.0,4.0,9.0,13.52126886226718,4.476795931341386,4.492957746478873,4.666666666666667,4.798319327731092,27.43473967221802,41.97316025341935
130,주간,권선구,적설,눈,2.0,4.0,1.0,2.0,9.0,13.142394678668987,4.476795931341386,4.588550983899821,4.25,3.5714285714285716,25.88677548666978,38.700652941139204
131,야간,권선구,서리/결빙,기타,1.0,4.0,3.0,1.0,9.0,13.532216651468904,4.488599348534202,4.588550983899821,4.875,4.833333333333333,27.785483665767355,42.30113661746682
132,야간,팔달구,서리/결빙,눈,1.0,3.0,3.0,2.0,9.0,13.658508046001636,4.488599348534202,4.363636363636363,4.875,3.5714285714285716,26.298664283599138,39.347365582300434
133,야간,영통구,건조,눈,1.0,1.0,5.0,2.0,9.0,13.911090835067098,4.488599348534202,4.492957746478873,4.444769140853302,3.5714285714285716,25.99775480729495,38.348259942136735
134,야간,권선구,기타,눈,1.0,4.0,2.0,2.0,9.0,13.532216651468906,4.488599348534202,4.588550983899821,4.666666666666667,3.5714285714285716,26.315245570529264,39.31899376032396
135,주간,팔달구,적설,흐림,2.0,3.0,1.0,3.0,9.0,13.268686073201716,4.476795931341386,4.363636363636363,4.25,4.421875,26.51230729497775,39.560125953591864
136,주간,영통구,젖음/습기,눈,2.0,1.0,4.0,2.0,9.0,13.52126886226718,4.476795931341386,4.492957746478873,4.841059602649007,3.5714285714285716,26.382241851897838,39.95364516261482
137,야간,장안구,서리/결빙,흐림,1.0,2.0,3.0,3.0,9.0,13.784799440534368,4.488599348534202,4.474332648870637,4.875,4.421875,27.259806997404837,41.32788964627548
138,야간,영통구,기타,맑음,1.0,1.0,2.0,5.0,9.0,13.911090835067098,4.488599348534202,4.492957746478873,4.666666666666667,4.460807600950119,27.10903136262986,40.618928433097004
139,야간,권선구,적설,흐림,1.0,4.0,1.0,3.0,9.0,13.532216651468904,4.488599348534202,4.588550983899821,4.25,4.421875,26.749025332434023,40.35842828413348
140,야간,영통구,서리/결빙,비,1.0,1.0,3.0,4.0,9.0,13.911090835067098,4.488599348534202,4.492957746478873,4.875,4.798319327731092,27.654876422744167,42.799834405937446
141,야간,장안구,건조,기타,1.0,2.0,5.0,1.0,9.0,13.784799440534368,4.488599348534202,4.474332648870637,4.444769140853302,4.833333333333333,27.241034471591473,40.494443683875325
142,주간,장안구,서리/결빙,눈,2.0,2.0,3.0,2.0,9.0,13.39497746773445,4.476795931341386,4.474332648870637,4.875,3.5714285714285716,26.397557151640594,39.67011430328119
143,주간,영통구,서리/결빙,흐림,2.0,1.0,3.0,3.0,9.0,13.52126886226718,4.476795931341386,4.492957746478873,4.875,4.421875,27.266628677820258,41.33717460916165
144,주간,영통구,건조,기타,2.0,1.0,5.0,1.0,9.0,13.52126886226718,4.476795931341386,4.492957746478873,4.444769140853302,4.833333333333333,27.247856152006893,40.503728646761495
145,야간,영통구,젖음/습기,흐림,1.0,1.0,4.0,3.0,9.0,13.9110908350671,4.488599348534202,4.492957746478873,4.841059602649007,4.421875,27.24449169766208,41.611420505609104
146,주간,장안구,적설,흐림,2.0,2.0,1.0,3.0,8.0,11.791954778578924,4.476795931341386,4.474332648870637,4.25,4.421875,25.62300358021202,35.41788216042404
147,야간,영통구,적설,맑음,1.0,1.0,1.0,5.0,8.0,12.30806814591157,4.488599348534202,4.492957746478873,4.25,4.460807600950119,25.692364695963192,35.53559509976367
148,야간,영통구,기타,비,1.0,1.0,2.0,4.0,8.0,12.308068145911571,4.488599348534202,4.492957746478873,4.666666666666667,4.798319327731092,26.446543089410834,37.508167739270775
149,야간,팔달구,기타,눈,1.0,3.0,2.0,2.0,8.0,12.05548535684611,4.488599348534202,4.363636363636363,4.666666666666667,3.5714285714285716,25.090330950265805,34.05569891563377
150,야간,팔달구,서리/결빙,기타,1.0,3.0,3.0,1.0,8.0,12.05548535684611,4.488599348534202,4.363636363636363,4.875,4.833333333333333,26.560569045503897,37.03784177277662
151,야간,영통구,젖음/습기,눈,1.0,1.0,4.0,2.0,8.0,12.308068145911571,4.488599348534202,4.492957746478873,4.841059602649007,3.5714285714285716,25.394045269090654,35.48865264846625
152,야간,영통구,서리/결빙,흐림,1.0,1.0,3.0,3.0,8.0,12.30806814591157,4.488599348534202,4.492957746478873,4.875,4.421875,26.278432095013073,36.87218209501307
153,야간,팔달구,적설,흐림,1.0,3.0,1.0,3.0,8.0,12.05548535684611,4.488599348534202,4.363636363636363,4.25,4.421875,25.524110712170565,35.09513343944329
154,주간,장안구,서리/결빙,기타,2.0,2.0,3.0,1.0,8.0,11.791954778578924,4.476795931341386,4.474332648870637,4.875,4.833333333333333,26.659461913545353,37.36059049375738
155,주간,장안구,기타,눈,2.0,2.0,2.0,2.0,8.0,11.791954778578924,4.476795931341386,4.474332648870637,4.666666666666667,3.5714285714285716,25.189223818307262,34.378447636614524
156,야간,영통구,건조,기타,1.0,1.0,5.0,1.0,8.0,12.30806814591157,4.488599348534202,4.492957746478873,4.444769140853302,4.833333333333333,26.25965956919971,36.038736132612925
157,주간,영통구,젖음/습기,기타,2.0,1.0,4.0,1.0,8.0,11.918246173111656,4.476795931341386,4.492957746478873,4.841059602649007,4.833333333333333,26.644146613802597,37.64412135309101
158,주간,권선구,적설,기타,2.0,4.0,1.0,1.0,8.0,11.53937198951346,4.476795931341386,4.588550983899821,4.25,4.833333333333333,26.14868024857454,36.39112913161539
159,주간,영통구,적설,비,2.0,1.0,1.0,4.0,8.0,11.918246173111656,4.476795931341386,4.492957746478873,4.25,4.798319327731092,26.01807300555135,36.889826920086016
160,야간,장안구,기타,흐림,1.0,2.0,2.0,3.0,8.0,12.18177675137884,4.488599348534202,4.474332648870637,4.666666666666667,4.421875,26.051473664071505,36.03622297960881
161,주간,팔달구,기타,기타,2.0,3.0,2.0,1.0,8.0,11.66566338404619,4.476795931341386,4.363636363636363,4.666666666666667,4.833333333333333,26.34043229497775,36.211167620258536
162,야간,장안구,젖음/습기,기타,1.0,2.0,4.0,1.0,8.0,12.181776751378838,4.488599348534202,4.474332648870637,4.841059602649007,4.833333333333333,26.637324933387177,37.63483639020484
163,야간,장안구,서리/결빙,눈,1.0,2.0,3.0,2.0,8.0,12.18177675137884,4.488599348534202,4.474332648870637,4.875,3.5714285714285716,25.40936056883341,35.20512178913262
164,주간,영통구,기타,흐림,2.0,1.0,2.0,3.0,8.0,11.918246173111656,4.476795931341386,4.492957746478873,4.666666666666667,4.421875,26.058295344486925,36.04550794249498
165,주간,영통구,서리/결빙,눈,2.0,1.0,3.0,2.0,8.0,11.918246173111651,4.476795931341386,4.492957746478873,4.875,3.5714285714285716,25.41618224924883,35.21440675201879
166,야간,권선구,적설,눈,1.0,4.0,1.0,2.0,8.0,11.929193962313375,4.488599348534202,4.588550983899821,4.25,3.5714285714285716,24.898578903862596,34.23566042699063
167,야간,권선구,기타,기타,1.0,4.0,2.0,1.0,8.0,11.929193962313375,4.488599348534202,4.588550983899821,4.666666666666667,4.833333333333333,26.577150332434023,37.00946995080015
168,야간,장안구,적설,비,1.0,2.0,1.0,4.0,8.0,12.18177675137884,4.488599348534202,4.474332648870637,4.25,4.798319327731092,26.01125132513593,36.880541957199846
169,주간,팔달구,적설,눈,2.0,3.0,1.0,2.0,8.0,11.66566338404619,4.476795931341386,4.363636363636363,4.25,3.5714285714285716,24.66186086640632,33.43735809644901
170,야간,권선구,적설,기타,1.0,4.0,1.0,1.0,7.0,10.32617127315785,4.488599348534202,4.588550983899821,4.25,4.833333333333333,25.160483665767355,31.926136617466817
171,야간,영통구,젖음/습기,기타,1.0,1.0,4.0,1.0,7.0,10.705045456756045,4.488599348534202,4.492957746478873,4.841059602649007,4.833333333333333,25.655950030995413,33.17912883894244
172,야간,장안구,서리/결빙,기타,1.0,2.0,3.0,1.0,7.0,10.578754062223313,4.488599348534202,4.474332648870637,4.875,4.833333333333333,25.67126533073817,32.89559797960881
173,주간,영통구,기타,눈,2.0,1.0,2.0,2.0,7.0,10.315223483956126,4.476795931341386,4.492957746478873,4.666666666666667,3.5714285714285716,24.2078489159155,29.92274008535212
174,야간,영통구,기타,흐림,1.0,1.0,2.0,3.0,7.0,10.705045456756045,4.488599348534202,4.492957746478873,4.666666666666667,4.421875,25.07009876167974,31.58051542834641
175,주간,팔달구,적설,기타,2.0,3.0,1.0,1.0,7.0,10.062640694890664,4.476795931341386,4.363636363636363,4.25,4.833333333333333,24.92376562831108,31.127834286925196
176,야간,영통구,서리/결빙,눈,1.0,1.0,3.0,2.0,7.0,10.705045456756045,4.488599348534202,4.492957746478873,4.875,3.5714285714285716,24.427985666441646,30.749414237870216
177,주간,영통구,서리/결빙,기타,2.0,1.0,3.0,1.0,7.0,10.315223483956125,4.476795931341386,4.492957746478873,4.875,4.833333333333333,25.67808701115359,32.90488294249498
178,주간,영통구,적설,흐림,2.0,1.0,1.0,3.0,7.0,10.315223483956126,4.476795931341386,4.492957746478873,4.25,4.421875,24.641628677820258,30.962174609161647
179,야간,영통구,적설,비,1.0,1.0,1.0,4.0,7.0,10.705045456756045,4.488599348534202,4.492957746478873,4.25,4.798319327731092,25.029876422744167,32.424834405937446
180,야간,장안구,기타,눈,1.0,2.0,2.0,2.0,7.0,10.578754062223313,4.488599348534202,4.474332648870637,4.666666666666667,3.5714285714285716,24.201027235500078,29.91345512246595
181,주간,장안구,적설,눈,2.0,2.0,1.0,2.0,7.0,10.188932089423396,4.476795931341386,4.474332648870637,4.25,3.5714285714285716,23.772557151640594,29.29511430328119
182,야간,팔달구,적설,눈,1.0,3.0,1.0,2.0,7.0,10.452462667690584,4.488599348534202,4.363636363636363,4.25,3.5714285714285716,23.673664283599138,28.972365582300434
183,야간,장안구,적설,흐림,1.0,2.0,1.0,3.0,7.0,10.578754062223313,4.488599348534202,4.474332648870637,4.25,4.421875,24.634806997404837,30.952889646275477
184,주간,장안구,기타,기타,2.0,2.0,2.0,1.0,7.0,10.188932089423396,4.476795931341386,4.474332648870637,4.666666666666667,4.833333333333333,25.45112858021202,32.068923827090714
185,야간,팔달구,기타,기타,1.0,3.0,2.0,1.0,7.0,10.452462667690584,4.488599348534202,4.363636363636363,4.666666666666667,4.833333333333333,25.352235712170565,31.746175106109956
186,주간,영통구,적설,눈,2.0,1.0,1.0,2.0,6.0,8.712200794800598,4.476795931341386,4.492957746478873,4.25,3.5714285714285716,22.79118224924883,24.83940675201879
187,야간,영통구,적설,흐림,1.0,1.0,1.0,3.0,6.0,9.102022767600516,4.488599348534202,4.492957746478873,4.25,4.421875,23.653432095013073,26.497182095013073
188,야간,영통구,기타,눈,1.0,1.0,2.0,2.0,6.0,9.102022767600516,4.488599348534202,4.492957746478873,4.666666666666667,3.5714285714285716,23.219652333108314,25.45774757120355
189,주간,장안구,적설,기타,2.0,2.0,1.0,1.0,6.0,8.585909400267868,4.476795931341386,4.474332648870637,4.25,4.833333333333333,24.034461913545353,26.98559049375738
190,주간,영통구,기타,기타,2.0,1.0,2.0,1.0,6.0,8.712200794800598,4.476795931341386,4.492957746478873,4.666666666666667,4.833333333333333,24.469753677820258,27.61321627582831
191,야간,장안구,기타,기타,1.0,2.0,2.0,1.0,6.0,8.975731373067784,4.488599348534202,4.474332648870637,4.666666666666667,4.833333333333333,24.462931997404837,27.60393131294214
192,야간,영통구,서리/결빙,기타,1.0,1.0,3.0,1.0,6.0,9.102022767600516,4.488599348534202,4.492957746478873,4.875,4.833333333333333,24.689890428346406,28.439890428346406
193,야간,팔달구,적설,기타,1.0,3.0,1.0,1.0,6.0,8.849439978535054,4.488599348534202,4.363636363636363,4.25,4.833333333333333,23.935569045503897,26.662841772776623
194,야간,장안구,적설,눈,1.0,2.0,1.0,2.0,6.0,8.975731373067784,4.488599348534202,4.474332648870637,4.25,3.5714285714285716,22.78436056883341,24.83012178913262
195,주간,영통구,적설,기타,2.0,1.0,1.0,1.0,5.0,7.109178105645071,4.476795931341386,4.492957746478873,4.25,4.833333333333333,23.05308701115359,22.52988294249498
196,야간,영통구,기타,기타,1.0,1.0,2.0,1.0,5.0,7.499000078444989,4.488599348534202,4.492957746478873,4.666666666666667,4.833333333333333,23.481557095013073,23.14822376167974
197,야간,장안구,적설,기타,1.0,2.0,1.0,1.0,5.0,7.372708683912258,4.488599348534202,4.474332648870637,4.25,4.833333333333333,23.04626533073817,22.52059797960881
198,야간,영통구,적설,눈,1.0,1.0,1.0,2.0,5.0,7.499000078444989,4.488599348534202,4.492957746478873,4.25,3.5714285714285716,21.802985666441646,20.37441423787022
199,야간,영통구,적설,기타,1.0,1.0,1.0,1.0,4.0,5.895977389289461,4.488599348534202,4.492957746478873,4.25,4.833333333333333,22.064890428346406,18.06489042834641
